Eye Detection,Time
CENTER,14:44:05
Blinking,14:44:05
Blinking,14:44:05
Blinking,14:44:05
Blinking,14:44:05
Blinking,14:44:06
CENTER,14:44:06
Blinking,14:44:06
Blinking,14:44:06
Blinking,14:44:06
Blinking,14:44:06
Blinking,14:44:06
Blinking,14:44:06
CENTER,14:44:06
CENTER,14:44:06
CENTER,14:44:06
CENTER,14:44:06
CENTER,14:44:06
CENTER,14:44:06
CENTER,14:44:06
CENTER,14:44:06
CENTER,14:44:06
CENTER,14:44:06
CENTER,14:44:06
CENTER,14:44:06
CENTER,14:44:06
CENTER,14:44:06
CENTER,14:44:06
CENTER,14:44:06
CENTER,14:44:06
CENTER,14:44:06
CENTER,14:44:07
CENTER,14:44:07
CENTER,14:44:07
CENTER,14:44:07
Blinking,14:44:07
CENTER,14:44:07
CENTER,14:44:07
CENTER,14:44:07
Blinking,14:44:07
CENTER,14:44:07
CENTER,14:44:07
CENTER,14:44:07
CENTER,14:44:07
CENTER,14:44:07
CENTER,14:44:07
CENTER,14:44:07
CENTER,14:44:07
CENTER,14:44:07
CENTER,14:44:07
CENTER,14:44:07
CENTER,14:44:07
CENTER,14:44:07
CENTER,14:44:07
CENTER,14:44:07
CENTER,14:44:07
CENTER,14:44:07
CENTER,14:44:08
CENTER,14:44:08
CENTER,14:44:08
CENTER,14:44:08
CENTER,14:44:08
CENTER,14:44:08
LEFT,14:44:08
LEFT,14:44:08
LEFT,14:44:08
LEFT,14:44:08
LEFT,14:44:08
LEFT,14:44:08
CENTER,14:44:09
CENTER,14:44:09
LEFT,14:44:09
CENTER,14:44:09
CENTER,14:44:09
CENTER,14:44:09
CENTER,14:44:09
LEFT,14:44:09
LEFT,14:44:09
CENTER,14:44:09
CENTER,14:44:09
LEFT,14:44:09
LEFT,14:44:09
CENTER,14:44:09
CENTER,14:44:09
CENTER,14:44:09
CENTER,14:44:09
CENTER,14:44:09
CENTER,14:44:09
CENTER,14:44:09
CENTER,14:44:09
CENTER,14:44:10
CENTER,14:44:10
CENTER,14:44:10
CENTER,14:44:10
CENTER,14:44:10
CENTER,14:44:10
CENTER,14:44:10
CENTER,14:44:11
CENTER,14:44:11
LEFT,14:44:11
CENTER,14:44:11
CENTER,14:44:11
CENTER,14:44:11
CENTER,14:44:11
CENTER,14:44:12
CENTER,14:44:12
CENTER,14:44:12
CENTER,14:44:12
CENTER,14:44:12
CENTER,14:44:12
CENTER,14:44:14
CENTER,14:44:14
CENTER,14:44:14
CENTER,14:44:14
CENTER,14:44:14
CENTER,14:44:14
CENTER,14:44:14
CENTER,14:44:14
CENTER,14:44:14
CENTER,14:44:14
CENTER,14:44:14
CENTER,14:44:14
CENTER,14:44:14
CENTER,14:44:14
CENTER,14:44:14
CENTER,14:44:14
CENTER,14:44:14
CENTER,14:44:14
CENTER,14:44:15
LEFT,14:44:15
CENTER,14:44:15
CENTER,14:44:15
LEFT,14:44:15
LEFT,14:44:15
CENTER,14:44:15
CENTER,14:44:15
CENTER,14:44:15
CENTER,14:44:15
CENTER,14:44:15
CENTER,14:44:15
CENTER,14:44:15
CENTER,14:44:15
CENTER,14:44:15
CENTER,14:44:15
CENTER,14:44:15
CENTER,14:44:15
CENTER,14:44:15
RIGHT,14:44:15
RIGHT,14:44:15
RIGHT,14:44:15
CENTER,14:44:15
CENTER,14:44:16
CENTER,14:44:16
CENTER,14:44:16
CENTER,14:44:16
CENTER,14:44:16
CENTER,14:44:16
Blinking,14:44:16
Blinking,14:44:16
CENTER,14:44:16
CENTER,14:44:16
CENTER,14:44:16
CENTER,14:44:16
LEFT,14:44:16
CENTER,14:44:16
CENTER,14:44:16
LEFT,14:44:16
LEFT,14:44:16
CENTER,14:44:16
LEFT,14:44:16
CENTER,14:44:17
LEFT,14:44:17
CENTER,14:44:17
CENTER,14:44:17
CENTER,14:44:17
CENTER,14:44:17
CENTER,14:44:17
CENTER,14:44:17
CENTER,14:44:17
CENTER,14:44:17
CENTER,14:44:17
CENTER,14:44:17
CENTER,14:44:17
CENTER,14:44:17
RIGHT,14:44:17
RIGHT,14:44:17
RIGHT,14:44:17
RIGHT,14:44:17
RIGHT,14:44:17
CENTER,14:44:17
RIGHT,14:44:17
RIGHT,14:44:17
RIGHT,14:44:17
CENTER,14:44:17
CENTER,14:44:17
CENTER,14:44:18
CENTER,14:44:18
CENTER,14:44:18
CENTER,14:44:18
CENTER,14:44:18
CENTER,14:44:18
CENTER,14:44:18
CENTER,14:44:18
CENTER,14:44:18
CENTER,14:44:18
CENTER,14:44:18
CENTER,14:44:18
CENTER,14:44:18
CENTER,14:44:18
CENTER,14:44:18
CENTER,14:44:18
LEFT,14:44:18
LEFT,14:44:18
LEFT,14:44:18
CENTER,14:44:18
LEFT,14:44:18
LEFT,14:44:18
LEFT,14:44:18
LEFT,14:44:18
CENTER,14:44:19
CENTER,14:44:19
CENTER,14:44:19
CENTER,14:44:19
CENTER,14:44:19
LEFT,14:44:19
CENTER,14:44:19
CENTER,14:44:19
LEFT,14:44:19
CENTER,14:44:19
CENTER,14:44:19
LEFT,14:44:19
CENTER,14:44:19
LEFT,14:44:19
CENTER,14:44:19
LEFT,14:44:19
LEFT,14:44:19
CENTER,14:44:19
LEFT,14:44:19
LEFT,14:44:19
CENTER,14:44:19
CENTER,14:44:19
CENTER,14:44:19
CENTER,14:44:19
CENTER,14:44:20
CENTER,14:44:20
LEFT,14:44:20
LEFT,14:44:20
CENTER,14:44:20
LEFT,14:44:20
LEFT,14:44:20
LEFT,14:44:20
CENTER,14:44:20
CENTER,14:44:20
LEFT,14:44:20
LEFT,14:44:20
CENTER,14:44:20
CENTER,14:44:20
CENTER,14:44:20
CENTER,14:44:20
CENTER,14:44:20
CENTER,14:44:20
CENTER,14:44:20
CENTER,14:44:20
CENTER,14:44:20
CENTER,14:44:20
CENTER,14:44:20
Blinking,14:44:20
CENTER,14:44:20
RIGHT,14:44:21
RIGHT,14:44:21
CENTER,14:44:21
CENTER,14:44:21
RIGHT,14:44:21
RIGHT,14:44:21
CENTER,14:44:21
RIGHT,14:44:21
CENTER,14:44:21
CENTER,14:44:21
CENTER,14:44:21
CENTER,14:44:21
CENTER,14:44:21
CENTER,14:44:21
CENTER,14:44:21
CENTER,14:44:21
Blinking,14:44:21
Blinking,14:44:21
CENTER,14:44:21
CENTER,14:44:21
CENTER,14:44:21
CENTER,14:44:21
Blinking,14:44:21
CENTER,14:44:21
CENTER,14:44:22
Blinking,14:44:22
Blinking,14:44:22
CENTER,14:44:22
CENTER,14:44:22
RIGHT,14:44:23
CENTER,14:44:23
CENTER,14:44:23
CENTER,14:44:23
CENTER,14:44:23
CENTER,14:44:23
CENTER,14:44:23
CENTER,14:44:23
CENTER,14:44:23
CENTER,14:44:23
CENTER,14:44:25
CENTER,14:44:25
CENTER,14:44:25
CENTER,14:44:25
CENTER,14:44:25
CENTER,14:44:25
CENTER,14:44:25
CENTER,14:44:25
CENTER,14:44:25
CENTER,14:44:25
CENTER,14:44:25
CENTER,14:44:25
CENTER,14:44:25
CENTER,14:44:25
CENTER,14:44:25
CENTER,14:44:25
CENTER,14:44:25
CENTER,14:44:25
CENTER,14:44:25
CENTER,14:44:25
CENTER,14:44:25
CENTER,14:44:25
CENTER,14:44:25
CENTER,14:44:26
CENTER,14:44:26
CENTER,14:44:26
CENTER,14:44:26
CENTER,14:44:26
CENTER,14:44:26
CENTER,14:44:26
CENTER,14:44:26
CENTER,14:44:26
CENTER,14:44:26
CENTER,14:44:26
CENTER,14:44:26
CENTER,14:44:26
CENTER,14:44:26
CENTER,14:44:26
Blinking,14:44:26
Blinking,14:44:26
Blinking,14:44:26
CENTER,14:44:26
CENTER,14:44:26
CENTER,14:44:26
RIGHT,14:44:26
RIGHT,14:44:26
RIGHT,14:44:26
RIGHT,14:44:26
CENTER,14:44:26
RIGHT,14:44:27
RIGHT,14:44:27
RIGHT,14:44:27
RIGHT,14:44:27
RIGHT,14:44:27
RIGHT,14:44:27
RIGHT,14:44:27
RIGHT,14:44:27
RIGHT,14:44:27
RIGHT,14:44:27
CENTER,14:44:27
CENTER,14:44:27
RIGHT,14:44:27
CENTER,14:44:27
CENTER,14:44:27
RIGHT,14:44:27
CENTER,14:44:27
CENTER,14:44:27
RIGHT,14:44:27
RIGHT,14:44:27
CENTER,14:44:27
RIGHT,14:44:27
RIGHT,14:44:27
RIGHT,14:44:27
RIGHT,14:44:27
RIGHT,14:44:27
RIGHT,14:44:27
RIGHT,14:44:28
RIGHT,14:44:28
RIGHT,14:44:28
RIGHT,14:44:28
RIGHT,14:44:28
CENTER,14:44:28
RIGHT,14:44:28
RIGHT,14:44:28
CENTER,14:44:28
RIGHT,14:44:28
RIGHT,14:44:28
RIGHT,14:44:28
RIGHT,14:44:28
CENTER,14:44:28
CENTER,14:44:28
CENTER,14:44:28
RIGHT,14:44:28
RIGHT,14:44:28
CENTER,14:44:28
RIGHT,14:44:28
RIGHT,14:44:28
CENTER,14:44:28
CENTER,14:44:28
RIGHT,14:44:28
RIGHT,14:44:28
RIGHT,14:44:29
CENTER,14:44:29
CENTER,14:44:29
CENTER,14:44:29
CENTER,14:44:29
CENTER,14:44:29
CENTER,14:44:29
CENTER,14:44:29
CENTER,14:44:29
CENTER,14:44:29
CENTER,14:44:29
CENTER,14:44:29
RIGHT,14:44:29
RIGHT,14:44:29
RIGHT,14:44:29
RIGHT,14:44:29
RIGHT,14:44:29
RIGHT,14:44:29
RIGHT,14:44:29
RIGHT,14:44:29
RIGHT,14:44:29
CENTER,14:44:29
CENTER,14:44:29
RIGHT,14:44:29
CENTER,14:44:29
RIGHT,14:44:29
RIGHT,14:44:29
RIGHT,14:44:30
RIGHT,14:44:30
CENTER,14:44:30
RIGHT,14:44:30
CENTER,14:44:30
RIGHT,14:44:30
CENTER,14:44:30
CENTER,14:44:30
Blinking,14:44:30
Blinking,14:44:30
Blinking,14:44:30
Blinking,14:44:30
CENTER,14:44:30
Blinking,14:44:30
Blinking,14:44:30
CENTER,14:44:30
CENTER,14:44:30
CENTER,14:44:30
CENTER,14:44:30
CENTER,14:44:30
CENTER,14:44:30
CENTER,14:44:30
LEFT,14:44:30
LEFT,14:44:30
CENTER,14:44:30
LEFT,14:44:30
CENTER,14:44:30
CENTER,14:44:30
CENTER,14:44:31
CENTER,14:44:31
CENTER,14:44:31
CENTER,14:44:31
CENTER,14:44:31
CENTER,14:44:31
CENTER,14:44:31
CENTER,14:44:31
CENTER,14:44:31
CENTER,14:44:31
CENTER,14:44:31
CENTER,14:44:31
CENTER,14:44:31
CENTER,14:44:31
CENTER,14:44:31
CENTER,14:44:31
CENTER,14:44:31
CENTER,14:44:32
CENTER,14:44:32
CENTER,14:44:32
RIGHT,14:44:32
CENTER,14:44:32
RIGHT,14:44:32
RIGHT,14:44:32
CENTER,14:44:32
CENTER,14:44:32
CENTER,14:44:32
CENTER,14:44:32
CENTER,14:44:33
CENTER,14:44:33
CENTER,14:44:33
CENTER,14:44:33
CENTER,14:44:33
CENTER,14:44:33
CENTER,14:44:33
CENTER,14:44:33
CENTER,14:44:33
CENTER,14:44:33
CENTER,14:44:33
CENTER,14:44:33
CENTER,14:44:33
CENTER,14:44:33
CENTER,14:44:33
CENTER,14:44:33
CENTER,14:44:33
Blinking,14:44:33
Blinking,14:44:33
Blinking,14:44:33
Blinking,14:44:33
Blinking,14:44:33
Blinking,14:44:33
Blinking,14:44:33
Blinking,14:44:33
Blinking,14:44:33
Blinking,14:44:33
Blinking,14:44:34
CENTER,14:44:34
Blinking,14:44:34
Blinking,14:44:34
Blinking,14:44:34
Blinking,14:44:34
Blinking,14:44:34
Blinking,14:44:34
Blinking,14:44:34
Blinking,14:44:34
CENTER,14:44:34
CENTER,14:44:34
CENTER,14:44:34
Blinking,14:44:34
Blinking,14:44:34
Blinking,14:44:34
Blinking,14:44:34
Blinking,14:44:34
Blinking,14:44:34
Blinking,14:44:34
Blinking,14:44:34
Blinking,14:44:34
Blinking,14:44:34
Blinking,14:44:34
Blinking,14:44:34
Blinking,14:44:34
Blinking,14:44:34
Blinking,14:44:34
Blinking,14:44:34
Blinking,14:44:35
Blinking,14:44:35
Blinking,14:44:35
Blinking,14:44:35
Blinking,14:44:35
Blinking,14:44:35
Blinking,14:44:35
Blinking,14:44:35
Blinking,14:44:35
Blinking,14:44:35
Blinking,14:44:35
Blinking,14:44:35
Blinking,14:44:35
Blinking,14:44:35
Blinking,14:44:35
Blinking,14:44:35
Blinking,14:44:35
Blinking,14:44:35
Blinking,14:44:35
CENTER,14:44:35
Blinking,14:44:35
Blinking,14:44:35
Blinking,14:44:35
Blinking,14:44:35
Blinking,14:44:35
Blinking,14:44:35
Blinking,14:44:35
Blinking,14:44:36
Blinking,14:44:36
Blinking,14:44:36
Blinking,14:44:36
Blinking,14:44:36
CENTER,14:44:36
Blinking,14:44:36
Blinking,14:44:36
Blinking,14:44:36
Blinking,14:44:36
Blinking,14:44:36
Blinking,14:44:36
Blinking,14:44:36
Blinking,14:44:36
CENTER,14:44:36
Blinking,14:44:36
Blinking,14:44:36
Blinking,14:44:36
Blinking,14:44:36
Blinking,14:44:36
Blinking,14:44:36
Blinking,14:44:36
Blinking,14:44:36
Blinking,14:44:36
Blinking,14:44:36
CENTER,14:44:37
Blinking,14:44:37
Blinking,14:44:37
Blinking,14:44:37
Blinking,14:44:37
Blinking,14:44:37
Blinking,14:44:37
CENTER,14:44:37
Blinking,14:44:37
Blinking,14:44:37
Blinking,14:44:37
Blinking,14:44:37
Blinking,14:44:37
Blinking,14:44:37
Blinking,14:44:37
Blinking,14:44:37
Blinking,14:44:37
Blinking,14:44:37
Blinking,14:44:37
Blinking,14:44:37
Blinking,14:44:37
Blinking,14:44:37
Blinking,14:44:37
Blinking,14:44:37
Blinking,14:44:37
Blinking,14:44:37
Blinking,14:44:37
Blinking,14:44:38
Blinking,14:44:38
Blinking,14:44:38
Blinking,14:44:38
Blinking,14:44:38
Blinking,14:44:38
Blinking,14:44:38
Blinking,14:44:38
Blinking,14:44:38
Blinking,14:44:38
Blinking,14:44:38
Blinking,14:44:38
Blinking,14:44:38
Blinking,14:44:38
CENTER,14:44:38
Blinking,14:44:38
Blinking,14:44:38
Blinking,14:44:38
Blinking,14:44:38
Blinking,14:44:38
Blinking,14:44:38
Blinking,14:44:38
Blinking,14:44:38
Blinking,14:44:38
Blinking,14:44:38
Blinking,14:44:38
Blinking,14:44:39
Blinking,14:44:39
Blinking,14:44:39
Blinking,14:44:39
Blinking,14:44:39
Blinking,14:44:39
Blinking,14:44:39
Blinking,14:44:39
Blinking,14:44:39
Blinking,14:44:39
Blinking,14:44:39
Blinking,14:44:39
Blinking,14:44:39
CENTER,14:44:39
Blinking,14:44:39
Blinking,14:44:39
Blinking,14:44:39
Blinking,14:44:39
Blinking,14:44:39
Blinking,14:44:39
Blinking,14:44:39
Blinking,14:44:39
Blinking,14:44:39
Blinking,14:44:39
Blinking,14:44:40
Blinking,14:44:40
Blinking,14:44:40
Blinking,14:44:40
Blinking,14:44:40
Blinking,14:44:40
Blinking,14:44:40
Blinking,14:44:40
Blinking,14:44:40
Blinking,14:44:40
Blinking,14:44:40
CENTER,14:44:40
Blinking,14:44:40
Blinking,14:44:40
Blinking,14:44:40
Blinking,14:44:40
Blinking,14:44:40
Blinking,14:44:40
Blinking,14:44:40
CENTER,14:44:40
Blinking,14:44:40
Blinking,14:44:40
Blinking,14:44:40
Blinking,14:44:40
Blinking,14:44:40
Blinking,14:44:40
Blinking,14:44:40
Blinking,14:44:40
Blinking,14:44:41
Blinking,14:44:41
Blinking,14:44:41
Blinking,14:44:41
Blinking,14:44:41
Blinking,14:44:41
Blinking,14:44:41
Blinking,14:44:41
Blinking,14:44:41
Blinking,14:44:41
Blinking,14:44:41
CENTER,14:44:41
Blinking,14:44:41
CENTER,14:44:41
CENTER,14:44:41
CENTER,14:44:41
CENTER,14:44:41
CENTER,14:44:41
CENTER,14:44:41
CENTER,14:44:41
CENTER,14:44:41
CENTER,14:44:41
CENTER,14:44:41
CENTER,14:44:41
CENTER,14:44:41
CENTER,14:44:41
CENTER,14:44:41
CENTER,14:44:41
CENTER,14:44:42
CENTER,14:44:42
CENTER,14:44:42
CENTER,14:44:42
CENTER,14:44:42
CENTER,14:44:42
CENTER,14:44:42
RIGHT,14:44:42
CENTER,14:44:42
CENTER,14:44:42
RIGHT,14:44:42
RIGHT,14:44:42
CENTER,14:44:42
CENTER,14:44:42
CENTER,14:44:42
CENTER,14:44:42
CENTER,14:44:42
CENTER,14:44:42
RIGHT,14:44:42
CENTER,14:44:42
RIGHT,14:44:42
RIGHT,14:44:42
CENTER,14:44:42
RIGHT,14:44:42
CENTER,14:44:42
CENTER,14:44:42
CENTER,14:44:42
CENTER,14:44:43
CENTER,14:44:43
CENTER,14:44:43
CENTER,14:44:43
CENTER,14:44:43
CENTER,14:44:43
CENTER,14:44:43
CENTER,14:44:43
CENTER,14:44:43
CENTER,14:44:43
CENTER,14:44:43
CENTER,14:44:43
CENTER,14:44:43
CENTER,14:44:43
CENTER,14:44:43
CENTER,14:44:43
CENTER,14:44:43
CENTER,14:44:43
CENTER,14:44:43
CENTER,14:44:43
CENTER,14:44:43
CENTER,14:44:43
CENTER,14:44:43
CENTER,14:44:43
CENTER,14:44:44
RIGHT,14:44:44
RIGHT,14:44:44
RIGHT,14:44:44
RIGHT,14:44:44
RIGHT,14:44:44
RIGHT,14:44:44
RIGHT,14:44:44
RIGHT,14:44:44
CENTER,14:44:44
CENTER,14:44:44
CENTER,14:44:44
CENTER,14:44:44
CENTER,14:44:44
CENTER,14:44:44
CENTER,14:44:44
CENTER,14:44:44
CENTER,14:44:44
CENTER,14:44:44
CENTER,14:44:44
CENTER,14:44:44
CENTER,14:44:44
CENTER,14:44:44
CENTER,14:44:44
CENTER,14:44:44
CENTER,14:44:44
CENTER,14:44:44
CENTER,14:44:44
CENTER,14:44:45
CENTER,14:44:45
RIGHT,14:44:45
RIGHT,14:44:45
RIGHT,14:44:45
RIGHT,14:44:45
RIGHT,14:44:45
RIGHT,14:44:45
RIGHT,14:44:45
RIGHT,14:44:45
RIGHT,14:44:45
RIGHT,14:44:45
RIGHT,14:44:45
CENTER,14:44:45
CENTER,14:44:45
CENTER,14:44:45
CENTER,14:44:45
CENTER,14:44:45
CENTER,14:44:45
CENTER,14:44:45
CENTER,14:44:45
CENTER,14:44:45
CENTER,14:44:45
CENTER,14:44:45
CENTER,14:44:45
CENTER,14:44:45
CENTER,14:44:46
CENTER,14:44:46
CENTER,14:44:46
CENTER,14:44:46
CENTER,14:44:46
CENTER,14:44:46
CENTER,14:44:46
CENTER,14:44:46
CENTER,14:44:46
CENTER,14:44:46
CENTER,14:44:46
CENTER,14:44:46
CENTER,14:44:46
CENTER,14:44:46
CENTER,14:44:46
CENTER,14:44:46
CENTER,14:44:46
CENTER,14:44:46
Blinking,14:44:46
Blinking,14:44:46
CENTER,14:44:46
CENTER,14:44:46
CENTER,14:44:46
CENTER,14:44:46
CENTER,14:44:46
Blinking,14:44:46
CENTER,14:44:47
CENTER,14:44:47
CENTER,14:44:47
CENTER,14:44:47
CENTER,14:44:47
CENTER,14:44:47
CENTER,14:44:47
CENTER,14:44:47
CENTER,14:44:47
CENTER,14:44:47
Blinking,14:44:47
CENTER,14:44:47
CENTER,14:44:47
Blinking,14:44:47
CENTER,14:44:47
CENTER,14:44:47
CENTER,14:44:47
CENTER,14:44:47
Blinking,14:44:47
Blinking,14:44:47
CENTER,14:44:47
CENTER,14:44:47
CENTER,14:44:47
CENTER,14:44:47
CENTER,14:44:47
CENTER,14:44:47
CENTER,14:44:47
CENTER,14:44:48
CENTER,14:44:48
CENTER,14:44:48
CENTER,14:44:48
CENTER,14:44:48
CENTER,14:44:48
CENTER,14:44:48
CENTER,14:44:48
CENTER,14:44:48
CENTER,14:44:48
CENTER,14:44:48
CENTER,14:44:48
CENTER,14:44:48
CENTER,14:44:48
CENTER,14:44:48
CENTER,14:44:48
CENTER,14:44:48
CENTER,14:44:48
CENTER,14:44:48
CENTER,14:44:48
CENTER,14:44:48
CENTER,14:44:48
CENTER,14:44:48
CENTER,14:44:48
CENTER,14:44:48
CENTER,14:44:49
CENTER,14:44:49
CENTER,14:44:49
CENTER,14:44:49
CENTER,14:44:49
RIGHT,14:44:49
RIGHT,14:44:49
RIGHT,14:44:49
RIGHT,14:44:49
RIGHT,14:44:49
RIGHT,14:44:49
RIGHT,14:44:49
CENTER,14:44:49
CENTER,14:44:49
CENTER,14:44:49
CENTER,14:44:49
CENTER,14:44:49
CENTER,14:44:49
CENTER,14:44:49
CENTER,14:44:49
CENTER,14:44:49
CENTER,14:44:49
CENTER,14:44:49
CENTER,14:44:49
CENTER,14:44:50
CENTER,14:44:50
CENTER,14:44:50
CENTER,14:44:50
CENTER,14:44:50
CENTER,14:44:50
CENTER,14:44:50
CENTER,14:44:50
RIGHT,14:44:50
RIGHT,14:44:50
CENTER,14:44:50
RIGHT,14:44:50
RIGHT,14:44:50
RIGHT,14:44:50
RIGHT,14:44:50
RIGHT,14:44:50
RIGHT,14:44:50
RIGHT,14:44:50
RIGHT,14:44:50
RIGHT,14:44:50
CENTER,14:44:50
CENTER,14:44:50
CENTER,14:44:50
CENTER,14:44:50
CENTER,14:44:50
CENTER,14:44:50
CENTER,14:44:50
CENTER,14:44:51
CENTER,14:44:51
CENTER,14:44:51
CENTER,14:44:51
CENTER,14:44:51
CENTER,14:44:51
CENTER,14:44:51
CENTER,14:44:51
CENTER,14:44:51
CENTER,14:44:51
CENTER,14:44:51
CENTER,14:44:51
CENTER,14:44:51
CENTER,14:44:51
CENTER,14:44:51
CENTER,14:44:51
CENTER,14:44:51
CENTER,14:44:51
CENTER,14:44:51
CENTER,14:44:51
CENTER,14:44:51
CENTER,14:44:51
CENTER,14:44:51
CENTER,14:44:51
CENTER,14:44:51
CENTER,14:44:51
CENTER,14:44:52
RIGHT,14:44:52
CENTER,14:44:52
RIGHT,14:44:52
RIGHT,14:44:52
RIGHT,14:44:52
RIGHT,14:44:52
CENTER,14:44:52
CENTER,14:44:52
RIGHT,14:44:52
RIGHT,14:44:52
RIGHT,14:44:52
CENTER,14:44:52
CENTER,14:44:52
CENTER,14:44:52
CENTER,14:44:52
CENTER,14:44:52
CENTER,14:44:52
CENTER,14:44:52
CENTER,14:44:52
CENTER,14:44:52
CENTER,14:44:52
CENTER,14:44:52
CENTER,14:44:52
CENTER,14:44:52
CENTER,14:44:53
CENTER,14:44:53
CENTER,14:44:53
CENTER,14:44:53
CENTER,14:44:53
CENTER,14:44:53
CENTER,14:44:53
CENTER,14:44:53
CENTER,14:44:53
CENTER,14:44:53
CENTER,14:44:53
CENTER,14:44:53
CENTER,14:44:53
CENTER,14:44:53
CENTER,14:44:53
CENTER,14:44:53
CENTER,14:44:53
CENTER,14:44:53
CENTER,14:44:53
CENTER,14:44:53
CENTER,14:44:53
CENTER,14:44:53
CENTER,14:44:53
CENTER,14:44:53
CENTER,14:44:53
CENTER,14:44:53
CENTER,14:44:54
CENTER,14:44:54
CENTER,14:44:54
CENTER,14:44:54
CENTER,14:44:54
CENTER,14:44:54
CENTER,14:44:54
CENTER,14:44:54
CENTER,14:44:54
CENTER,14:44:54
CENTER,14:44:54
CENTER,14:44:54
CENTER,14:44:54
CENTER,14:44:54
CENTER,14:44:54
CENTER,14:44:54
CENTER,14:44:54
CENTER,14:44:54
CENTER,14:44:54
CENTER,14:44:54
CENTER,14:44:54
CENTER,14:44:54
CENTER,14:44:54
CENTER,14:44:54
CENTER,14:44:54
CENTER,14:44:54
CENTER,14:44:55
RIGHT,14:44:55
RIGHT,14:44:55
CENTER,14:44:55
CENTER,14:44:55
RIGHT,14:44:55
RIGHT,14:44:55
RIGHT,14:44:55
RIGHT,14:44:55
RIGHT,14:44:55
RIGHT,14:44:55
RIGHT,14:44:55
CENTER,14:44:55
Blinking,14:44:55
RIGHT,14:44:55
RIGHT,14:44:55
CENTER,14:44:55
CENTER,14:44:55
CENTER,14:44:56
RIGHT,14:44:57
CENTER,14:44:57
CENTER,14:44:57
CENTER,14:44:57
CENTER,14:44:57
CENTER,14:44:57
CENTER,14:44:57
CENTER,14:44:57
CENTER,14:44:57
CENTER,14:44:57
CENTER,14:44:57
CENTER,14:44:57
CENTER,14:44:57
CENTER,14:44:57
CENTER,14:44:57
CENTER,14:44:57
CENTER,14:44:57
CENTER,14:44:57
RIGHT,14:44:57
RIGHT,14:44:58
CENTER,14:44:58
RIGHT,14:44:58
RIGHT,14:44:58
RIGHT,14:44:58
RIGHT,14:44:58
RIGHT,14:44:58
RIGHT,14:44:58
CENTER,14:44:58
CENTER,14:44:59
CENTER,14:44:59
CENTER,14:44:59
CENTER,14:44:59
CENTER,14:44:59
CENTER,14:44:59
CENTER,14:44:59
CENTER,14:44:59
RIGHT,14:44:59
RIGHT,14:44:59
CENTER,14:44:59
CENTER,14:44:59
CENTER,14:44:59
CENTER,14:44:59
RIGHT,14:44:59
CENTER,14:44:59
CENTER,14:44:59
CENTER,14:44:59
CENTER,14:44:59
CENTER,14:44:59
CENTER,14:44:59
CENTER,14:44:59
CENTER,14:44:59
CENTER,14:44:59
Blinking,14:44:59
CENTER,14:45:00
CENTER,14:45:00
CENTER,14:45:00
CENTER,14:45:00
CENTER,14:45:00
CENTER,14:45:00
CENTER,14:45:00
CENTER,14:45:00
CENTER,14:45:00
CENTER,14:45:00
CENTER,14:45:00
CENTER,14:45:00
CENTER,14:45:00
CENTER,14:45:00
CENTER,14:45:00
CENTER,14:45:00
CENTER,14:45:00
CENTER,14:45:00
RIGHT,14:45:00
CENTER,14:45:00
RIGHT,14:45:00
CENTER,14:45:00
CENTER,14:45:00
CENTER,14:45:00
RIGHT,14:45:01
CENTER,14:45:01
CENTER,14:45:01
CENTER,14:45:01
CENTER,14:45:01
RIGHT,14:45:01
RIGHT,14:45:01
RIGHT,14:45:01
Blinking,14:45:01
CENTER,14:45:01
CENTER,14:45:01
CENTER,14:45:01
CENTER,14:45:01
CENTER,14:45:01
CENTER,14:45:01
CENTER,14:45:01
CENTER,14:45:01
CENTER,14:45:01
CENTER,14:45:01
CENTER,14:45:01
CENTER,14:45:01
CENTER,14:45:01
CENTER,14:45:01
CENTER,14:45:02
CENTER,14:45:02
CENTER,14:45:02
CENTER,14:45:02
CENTER,14:45:02
CENTER,14:45:02
CENTER,14:45:02
CENTER,14:45:02
CENTER,14:45:02
CENTER,14:45:02
CENTER,14:45:02
CENTER,14:45:02
CENTER,14:45:02
CENTER,14:45:02
CENTER,14:45:02
CENTER,14:45:02
CENTER,14:45:02
CENTER,14:45:02
CENTER,14:45:02
CENTER,14:45:02
CENTER,14:45:02
CENTER,14:45:02
CENTER,14:45:02
CENTER,14:45:02
CENTER,14:45:02
CENTER,14:45:02
CENTER,14:45:03
CENTER,14:45:03
CENTER,14:45:03
RIGHT,14:45:03
RIGHT,14:45:03
RIGHT,14:45:03
RIGHT,14:45:03
RIGHT,14:45:03
RIGHT,14:45:03
CENTER,14:45:03
CENTER,14:45:03
CENTER,14:45:03
RIGHT,14:45:03
RIGHT,14:45:03
RIGHT,14:45:03
CENTER,14:45:03
RIGHT,14:45:03
CENTER,14:45:03
CENTER,14:45:03
CENTER,14:45:03
RIGHT,14:45:03
CENTER,14:45:03
CENTER,14:45:03
CENTER,14:45:03
CENTER,14:45:03
CENTER,14:45:03
RIGHT,14:45:03
CENTER,14:45:03
RIGHT,14:45:04
RIGHT,14:45:04
RIGHT,14:45:04
CENTER,14:45:04
RIGHT,14:45:04
RIGHT,14:45:04
RIGHT,14:45:04
RIGHT,14:45:04
CENTER,14:45:04
CENTER,14:45:04
CENTER,14:45:04
CENTER,14:45:04
RIGHT,14:45:04
CENTER,14:45:04
RIGHT,14:45:04
RIGHT,14:45:04
CENTER,14:45:04
CENTER,14:45:04
RIGHT,14:45:04
RIGHT,14:45:04
RIGHT,14:45:04
RIGHT,14:45:04
CENTER,14:45:04
RIGHT,14:45:05
CENTER,14:45:05
RIGHT,14:45:05
RIGHT,14:45:05
RIGHT,14:45:05
CENTER,14:45:05
RIGHT,14:45:05
RIGHT,14:45:05
RIGHT,14:45:05
RIGHT,14:45:05
RIGHT,14:45:05
RIGHT,14:45:05
RIGHT,14:45:05
RIGHT,14:45:05
RIGHT,14:45:05
RIGHT,14:45:05
RIGHT,14:45:05
RIGHT,14:45:05
RIGHT,14:45:05
RIGHT,14:45:05
RIGHT,14:45:05
RIGHT,14:45:05
CENTER,14:45:05
RIGHT,14:45:05
RIGHT,14:45:05
RIGHT,14:45:05
RIGHT,14:45:06
CENTER,14:45:06
RIGHT,14:45:06
RIGHT,14:45:06
RIGHT,14:45:06
CENTER,14:45:06
CENTER,14:45:06
CENTER,14:45:06
RIGHT,14:45:06
RIGHT,14:45:06
CENTER,14:45:07
CENTER,14:45:07
CENTER,14:45:07
CENTER,14:45:07
CENTER,14:45:07
CENTER,14:45:07
CENTER,14:45:07
CENTER,14:45:07
CENTER,14:45:07
CENTER,14:45:07
CENTER,14:45:07
CENTER,14:45:07
CENTER,14:45:07
CENTER,14:45:07
CENTER,14:45:07
CENTER,14:45:07
CENTER,14:45:07
CENTER,14:45:07
CENTER,14:45:07
CENTER,14:45:07
CENTER,14:45:07
CENTER,14:45:07
CENTER,14:45:08
CENTER,14:45:08
CENTER,14:45:08
CENTER,14:45:08
CENTER,14:45:08
CENTER,14:45:08
CENTER,14:45:08
CENTER,14:45:08
CENTER,14:45:08
CENTER,14:45:08
CENTER,14:45:08
CENTER,14:45:08
CENTER,14:45:09
CENTER,14:45:09
CENTER,14:45:09
CENTER,14:45:09
CENTER,14:45:09
CENTER,14:45:09
CENTER,14:45:09
CENTER,14:45:09
CENTER,14:45:09
CENTER,14:45:09
CENTER,14:45:09
CENTER,14:45:09
CENTER,14:45:09
RIGHT,14:45:09
CENTER,14:45:09
CENTER,14:45:09
CENTER,14:45:09
CENTER,14:45:09
CENTER,14:45:09
CENTER,14:45:09
CENTER,14:45:09
CENTER,14:45:09
CENTER,14:45:10
CENTER,14:45:10
CENTER,14:45:10
CENTER,14:45:10
CENTER,14:45:10
CENTER,14:45:10
CENTER,14:45:10
CENTER,14:45:10
CENTER,14:45:10
RIGHT,14:45:10
CENTER,14:45:10
CENTER,14:45:10
CENTER,14:45:10
CENTER,14:45:10
CENTER,14:45:10
CENTER,14:45:10
RIGHT,14:45:10
CENTER,14:45:10
CENTER,14:45:10
CENTER,14:45:10
CENTER,14:45:10
CENTER,14:45:10
CENTER,14:45:10
CENTER,14:45:10
CENTER,14:45:10
CENTER,14:45:10
CENTER,14:45:10
CENTER,14:45:11
CENTER,14:45:11
CENTER,14:45:11
CENTER,14:45:11
Blinking,14:45:11
Blinking,14:45:11
CENTER,14:45:11
RIGHT,14:45:11
